date,temp,ice,sea,co2
1880-01-01,-0.16,NA,NA,NA
1881-01-01,-0.08,NA,NA,NA
1882-01-01,-0.1,NA,NA,NA
1883-01-01,-0.17,NA,NA,NA
1884-01-01,-0.28,NA,NA,NA
1885-01-01,-0.33,NA,NA,NA
1886-01-01,-0.31,NA,NA,NA
1887-01-01,-0.36,NA,NA,NA
1888-01-01,-0.17,NA,NA,NA
1889-01-01,-0.11,NA,NA,NA
1890-01-01,-0.35,NA,NA,NA
1891-01-01,-0.22,NA,NA,NA
1892-01-01,-0.27,NA,NA,NA
1893-01-01,-0.31,NA,NA,NA
1894-01-01,-0.3,NA,NA,NA
1895-01-01,-0.23,NA,NA,NA
1896-01-01,-0.11,NA,NA,NA
1897-01-01,-0.11,NA,NA,NA
1898-01-01,-0.27,NA,NA,NA
1899-01-01,-0.18,NA,NA,NA
1900-01-01,-0.08,NA,NA,NA
1901-01-01,-0.16,NA,NA,NA
1902-01-01,-0.28,NA,NA,NA
1903-01-01,-0.37,NA,NA,NA
1904-01-01,-0.47,NA,NA,NA
1905-01-01,-0.27,NA,NA,NA
1906-01-01,-0.23,NA,NA,NA
1907-01-01,-0.39,NA,NA,NA
1908-01-01,-0.43,NA,NA,NA
1909-01-01,-0.48,NA,NA,NA
1910-01-01,-0.43,NA,NA,NA
1911-01-01,-0.44,NA,NA,NA
1912-01-01,-0.36,NA,NA,NA
1913-01-01,-0.34,NA,NA,NA
1914-01-01,-0.15,NA,NA,NA
1915-01-01,-0.14,NA,NA,NA
1916-01-01,-0.36,NA,NA,NA
1917-01-01,-0.46,NA,NA,NA
1918-01-01,-0.3,NA,NA,NA
1919-01-01,-0.28,NA,NA,NA
1920-01-01,-0.28,NA,NA,NA
1921-01-01,-0.19,NA,NA,NA
1922-01-01,-0.29,NA,NA,NA
1923-01-01,-0.27,NA,NA,NA
1924-01-01,-0.27,NA,NA,NA
1925-01-01,-0.22,NA,NA,NA
1926-01-01,-0.11,NA,NA,NA
1927-01-01,-0.22,NA,NA,NA
1928-01-01,-0.2,NA,NA,NA
1929-01-01,-0.36,NA,NA,NA
1930-01-01,-0.16,NA,NA,NA
1931-01-01,-0.09,NA,NA,NA
1932-01-01,-0.16,NA,NA,NA
1933-01-01,-0.28,NA,NA,NA
1934-01-01,-0.12,NA,NA,NA
1935-01-01,-0.2,NA,NA,NA
1936-01-01,-0.15,NA,NA,NA
1937-01-01,-0.03,NA,NA,NA
1938-01-01,0,NA,NA,NA
1939-01-01,-0.01,NA,NA,NA
1940-01-01,0.13,NA,NA,NA
1941-01-01,0.19,NA,NA,NA
1942-01-01,0.07,NA,NA,NA
1943-01-01,0.09,NA,NA,NA
1944-01-01,0.2,NA,NA,NA
1945-01-01,0.09,NA,NA,NA
1946-01-01,-0.07,NA,NA,NA
1947-01-01,-0.03,NA,NA,NA
1948-01-01,-0.11,NA,NA,NA
1949-01-01,-0.11,NA,NA,NA
1950-01-01,-0.17,NA,NA,NA
1951-01-01,-0.07,NA,NA,NA
1952-01-01,0.01,NA,NA,NA
1953-01-01,0.08,NA,NA,NA
1954-01-01,-0.13,NA,NA,NA
1955-01-01,-0.14,NA,NA,NA
1956-01-01,-0.19,NA,NA,NA
1957-01-01,0.05,NA,NA,NA
1958-01-01,0.06,NA,NA,NA
1959-01-01,0.03,NA,NA,315.58
1960-01-01,-0.03,NA,NA,316.43
1961-01-01,0.06,NA,NA,316.89
1962-01-01,0.03,NA,NA,317.94
1963-01-01,0.05,NA,NA,318.74
1964-01-01,-0.2,NA,NA,319.57
1965-01-01,-0.11,NA,NA,319.44
1966-01-01,-0.06,NA,NA,320.62
1967-01-01,-0.02,NA,NA,322.33
1968-01-01,-0.08,NA,NA,322.57
1969-01-01,0.05,NA,NA,324
1970-01-01,0.03,NA,NA,325.06
1971-01-01,-0.08,NA,NA,326.17
1972-01-01,0.01,NA,NA,326.77
1973-01-01,0.16,NA,NA,328.55
1974-01-01,-0.07,NA,NA,329.35
1975-01-01,-0.01,NA,NA,330.73
1976-01-01,-0.1,NA,NA,331.56
1977-01-01,0.18,NA,NA,332.68
1978-01-01,0.07,NA,NA,334.94
1979-01-01,0.16,7.05,NA,336.14
1980-01-01,0.26,7.67,NA,337.9
1981-01-01,0.32,7.14,NA,339.29
1982-01-01,0.14,7.3,NA,340.93
1983-01-01,0.31,7.39,NA,341.57
1984-01-01,0.16,6.81,NA,344.21
1985-01-01,0.12,6.7,NA,345.48
1986-01-01,0.18,7.41,NA,346.78
1987-01-01,0.32,7.28,NA,348.73
1988-01-01,0.39,7.37,NA,350.51
1989-01-01,0.27,7.01,NA,353.07
1990-01-01,0.45,6.14,NA,353.86
1991-01-01,0.4,6.47,NA,354.93
1992-01-01,0.22,7.47,NA,356.34
1993-01-01,0.23,6.4,NA,357.1
1994-01-01,0.32,7.14,NA,358.36
1995-01-01,0.45,6.08,NA,360.04
1996-01-01,0.33,7.58,NA,362.2
1997-01-01,0.46,6.69,-26.31,363.24
1998-01-01,0.61,6.54,NA,365.39
1999-01-01,0.38,6.12,NA,368.35
2000-01-01,0.39,6.25,NA,369.45
2001-01-01,0.54,6.73,NA,370.76
2002-01-01,0.63,5.83,NA,372.7
2003-01-01,0.62,6.12,NA,375.07
2004-01-01,0.53,5.98,NA,377.17
2005-01-01,0.68,5.5,NA,378.63
2006-01-01,0.64,5.86,NA,381.58
2007-01-01,0.66,4.27,NA,383.1
2008-01-01,0.54,4.69,NA,385.78
2009-01-01,0.66,5.26,8.7,387.17
2010-01-01,0.72,4.87,NA,388.91
2011-01-01,0.61,4.56,NA,391.5
2012-01-01,0.65,3.57,NA,393.31
2013-01-01,0.68,5.21,NA,395.78
2014-01-01,0.74,5.22,NA,398.04
2015-01-01,0.89,4.62,33.32,400.18
2016-01-01,1.01,4.53,NA,402.73
2017-01-01,0.92,4.82,NA,406.36
2018-01-01,0.85,4.79,NA,408.15
2019-01-01,0.98,4.36,NA,411.03
2020-01-01,1.02,3.92,NA,413.61
1993-01-05,NA,NA,-38.57,NA
1993-01-15,NA,NA,-39.11,NA
1993-01-25,NA,NA,-38.58,NA
1993-02-03,NA,NA,-38.34,NA
1993-02-13,NA,NA,-37.21,NA
1993-02-23,NA,NA,-35.98,NA
1993-03-05,NA,NA,-34.94,NA
1993-03-15,NA,NA,-34.19,NA
1993-03-25,NA,NA,-33.72,NA
1993-04-04,NA,NA,-33.48,NA
1993-04-14,NA,NA,-33.38,NA
1993-04-24,NA,NA,-33.41,NA
1993-05-04,NA,NA,-33.54,NA
1993-05-14,NA,NA,-33.48,NA
1993-05-24,NA,NA,-33.59,NA
1993-06-02,NA,NA,-33.19,NA
1993-06-12,NA,NA,-33.02,NA
1993-06-22,NA,NA,-32.87,NA
1993-07-02,NA,NA,-33.01,NA
1993-07-12,NA,NA,-33.37,NA
1993-07-22,NA,NA,-33.72,NA
1993-08-01,NA,NA,-33.92,355.76
1993-08-11,NA,NA,-34.04,NA
1993-08-21,NA,NA,-34.22,NA
1993-08-31,NA,NA,-34.39,NA
1993-09-10,NA,NA,-34.59,NA
1993-09-20,NA,NA,-34.76,NA
1993-09-29,NA,NA,-34.59,NA
1993-10-09,NA,NA,-34.49,NA
1993-10-19,NA,NA,-34.58,NA
1993-10-29,NA,NA,-34.91,NA
1993-11-08,NA,NA,-35.16,NA
1993-11-18,NA,NA,-34.96,NA
1993-11-28,NA,NA,-34.25,NA
1993-12-08,NA,NA,-33.24,NA
1993-12-18,NA,NA,-32.24,NA
1993-12-28,NA,NA,-31.77,NA
1994-01-07,NA,NA,-31.2,NA
1994-01-17,NA,NA,-30.96,NA
1994-01-26,NA,NA,-31.26,NA
1994-02-05,NA,NA,-31.78,NA
1994-02-15,NA,NA,-32.16,NA
1994-02-25,NA,NA,-32.05,NA
1994-03-07,NA,NA,-31.27,NA
1994-03-17,NA,NA,-30.16,NA
1994-03-27,NA,NA,-29.29,NA
1994-04-06,NA,NA,-29.02,NA
1994-04-16,NA,NA,-29.42,NA
1994-04-26,NA,NA,-29.66,NA
1994-05-06,NA,NA,-30.16,NA
1994-05-15,NA,NA,-30.39,NA
1994-05-25,NA,NA,-30.83,NA
1994-06-04,NA,NA,-30.94,NA
1994-06-14,NA,NA,-31.04,NA
1994-06-24,NA,NA,-31.16,NA
1994-07-04,NA,NA,-31.24,NA
1994-07-14,NA,NA,-31.26,NA
1994-07-24,NA,NA,-31.29,NA
1994-08-03,NA,NA,-31.33,NA
1994-08-13,NA,NA,-31.33,NA
1994-08-23,NA,NA,-31.31,NA
1994-09-02,NA,NA,-31.25,NA
1994-09-11,NA,NA,-31.01,NA
1994-09-21,NA,NA,-30.93,NA
1994-10-01,NA,NA,-30.8,356.21
1994-10-11,NA,NA,-30.58,NA
1994-10-21,NA,NA,-30.38,NA
1994-10-31,NA,NA,-30.39,NA
1994-11-10,NA,NA,-30.6,NA
1994-11-20,NA,NA,-30.58,NA
1994-11-30,NA,NA,-29.95,NA
1994-12-10,NA,NA,-28.75,NA
1994-12-20,NA,NA,-27.39,NA
1994-12-30,NA,NA,-26.56,NA
1995-01-08,NA,NA,-26.03,NA
1995-01-18,NA,NA,-25.78,NA
1995-01-28,NA,NA,-26.29,NA
1995-02-07,NA,NA,-26.89,NA
1995-02-17,NA,NA,-27.23,NA
1995-02-27,NA,NA,-26.91,NA
1995-03-09,NA,NA,-26.64,NA
1995-03-19,NA,NA,-26.36,NA
1995-03-29,NA,NA,-26.44,NA
1995-04-08,NA,NA,-26.68,NA
1995-04-18,NA,NA,-26.89,NA
1995-04-28,NA,NA,-26.9,NA
1995-05-07,NA,NA,-26.94,NA
1995-05-17,NA,NA,-27,NA
1995-05-27,NA,NA,-26.97,NA
1995-06-06,NA,NA,-27.1,NA
1995-06-16,NA,NA,-27.48,NA
1995-06-26,NA,NA,-28.07,NA
1995-07-06,NA,NA,-28.39,NA
1995-07-16,NA,NA,-29.02,NA
1995-07-26,NA,NA,-29.2,NA
1995-08-05,NA,NA,-29.21,NA
1995-08-15,NA,NA,-28.81,NA
1995-08-25,NA,NA,-28.49,NA
1995-09-03,NA,NA,-28.05,NA
1995-09-13,NA,NA,-27.3,NA
1995-09-23,NA,NA,-27.47,NA
1995-10-03,NA,NA,-27.17,NA
1995-10-13,NA,NA,-27.57,NA
1995-10-23,NA,NA,-27.98,NA
1995-11-02,NA,NA,-28.09,NA
1995-11-12,NA,NA,-27.83,NA
1995-11-22,NA,NA,-27.35,NA
1995-12-02,NA,NA,-26.87,NA
1995-12-12,NA,NA,-26.84,NA
1995-12-22,NA,NA,-26.9,NA
1995-12-31,NA,NA,-27.11,NA
1996-01-10,NA,NA,-27.72,NA
1996-01-20,NA,NA,-28.19,NA
1996-01-30,NA,NA,-27.92,NA
1996-02-09,NA,NA,-27.83,NA
1996-02-19,NA,NA,-27.27,NA
1996-02-29,NA,NA,-26.89,NA
1996-03-10,NA,NA,-26.8,NA
1996-03-20,NA,NA,-26.88,NA
1996-03-30,NA,NA,-26.97,NA
1996-04-09,NA,NA,-26.8,NA
1996-04-19,NA,NA,-26.52,NA
1996-04-28,NA,NA,-26.18,NA
1996-05-08,NA,NA,-25.61,NA
1996-05-18,NA,NA,-25.08,NA
1996-05-28,NA,NA,-24.62,NA
1996-06-07,NA,NA,-24.22,NA
1996-06-17,NA,NA,-23.83,NA
1996-06-27,NA,NA,-23.5,NA
1996-07-07,NA,NA,-23.32,NA
1996-07-17,NA,NA,-23.35,NA
1996-07-27,NA,NA,-23.66,NA
1996-08-06,NA,NA,-24.34,NA
1996-08-15,NA,NA,-25.01,NA
1996-08-25,NA,NA,-25.72,NA
1996-09-04,NA,NA,-26.08,NA
1996-09-14,NA,NA,-25.98,NA
1996-09-24,NA,NA,-25.41,NA
1996-10-04,NA,NA,-24.46,NA
1996-10-14,NA,NA,-23.37,NA
1996-10-24,NA,NA,-22.61,NA
1996-11-03,NA,NA,-22.47,NA
1996-11-13,NA,NA,-22.86,NA
1996-11-23,NA,NA,-23.56,NA
1996-12-03,NA,NA,-24.4,NA
1996-12-12,NA,NA,-25.06,NA
1996-12-22,NA,NA,-25.85,NA
1997-01-11,NA,NA,-26.51,NA
1997-01-21,NA,NA,-26.51,NA
1997-01-31,NA,NA,-26.45,NA
1997-02-10,NA,NA,-26.35,NA
1997-02-20,NA,NA,-26.19,NA
1997-03-02,NA,NA,-25.81,NA
1997-03-12,NA,NA,-25.24,NA
1997-03-22,NA,NA,-24.56,NA
1997-04-01,NA,NA,-24.08,366.49
1997-04-10,NA,NA,-23.64,NA
1997-04-20,NA,NA,-23.28,NA
1997-04-30,NA,NA,-23.03,NA
1997-05-10,NA,NA,-22.73,NA
1997-05-20,NA,NA,-22.39,NA
1997-05-30,NA,NA,-21.91,NA
1997-06-09,NA,NA,-21.66,NA
1997-06-19,NA,NA,-21.19,NA
1997-06-29,NA,NA,-20.7,NA
1997-07-09,NA,NA,-20.24,NA
1997-07-19,NA,NA,-19.8,NA
1997-07-29,NA,NA,-19.25,NA
1997-08-07,NA,NA,-18.74,NA
1997-08-17,NA,NA,-18.18,NA
1997-08-27,NA,NA,-17.75,NA
1997-09-06,NA,NA,-17.4,NA
1997-09-16,NA,NA,-17.05,NA
1997-09-26,NA,NA,-16.75,NA
1997-10-06,NA,NA,-16.94,NA
1997-10-16,NA,NA,-16.73,NA
1997-10-26,NA,NA,-16.97,NA
1997-11-05,NA,NA,-17.28,NA
1997-11-15,NA,NA,-17.9,NA
1997-11-25,NA,NA,-18.25,NA
1997-12-04,NA,NA,-18.92,NA
1997-12-14,NA,NA,-19.64,NA
1997-12-24,NA,NA,-20.13,NA
1998-01-03,NA,NA,-20.31,NA
1998-01-13,NA,NA,-20.23,NA
1998-01-23,NA,NA,-20.1,NA
1998-02-02,NA,NA,-20.05,NA
1998-02-12,NA,NA,-20.09,NA
1998-02-22,NA,NA,-20.07,NA
1998-03-04,NA,NA,-19.94,NA
1998-03-14,NA,NA,-19.63,NA
1998-03-24,NA,NA,-19.38,NA
1998-04-02,NA,NA,-19.02,NA
1998-04-12,NA,NA,-18.97,NA
1998-04-22,NA,NA,-19.22,NA
1998-05-02,NA,NA,-19.85,NA
1998-05-12,NA,NA,-20.82,NA
1998-05-22,NA,NA,-21.79,NA
1998-06-01,NA,NA,-23.01,369.13
1998-06-11,NA,NA,-23.66,NA
1998-06-21,NA,NA,-24.1,NA
1998-07-01,NA,NA,-24.54,367.98
1998-07-11,NA,NA,-25.12,NA
1998-07-20,NA,NA,-25.69,NA
1998-07-30,NA,NA,-26.4,NA
1998-08-09,NA,NA,-26.67,NA
1998-08-19,NA,NA,-27.05,NA
1998-08-29,NA,NA,-27.2,NA
1998-09-08,NA,NA,-27.29,NA
1998-09-18,NA,NA,-27.33,NA
1998-09-28,NA,NA,-27.43,NA
1998-10-08,NA,NA,-27.16,NA
1998-10-18,NA,NA,-27.01,NA
1998-10-28,NA,NA,-26.93,NA
1998-11-07,NA,NA,-26.91,NA
1998-11-16,NA,NA,-26.86,NA
1998-11-26,NA,NA,-26.65,NA
1998-12-06,NA,NA,-26.37,NA
1998-12-16,NA,NA,-25.96,NA
1998-12-26,NA,NA,-25.68,NA
1999-01-05,NA,NA,-25.29,NA
1999-01-15,NA,NA,-24.73,NA
1999-01-25,NA,NA,-23.85,NA
1999-02-04,NA,NA,-22.64,NA
1999-02-14,NA,NA,-21.49,NA
1999-02-24,NA,NA,-20.44,NA
1999-03-06,NA,NA,-19.87,NA
1999-03-15,NA,NA,-19.61,NA
1999-03-25,NA,NA,-19.66,NA
1999-04-04,NA,NA,-19.64,NA
1999-04-14,NA,NA,-19.8,NA
1999-04-24,NA,NA,-20.02,NA
1999-05-04,NA,NA,-20.18,NA
1999-05-14,NA,NA,-20.26,NA
1999-05-24,NA,NA,-20.33,NA
1999-06-03,NA,NA,-20.46,NA
1999-06-13,NA,NA,-20.6,NA
1999-06-23,NA,NA,-20.5,NA
1999-07-03,NA,NA,-20.68,NA
1999-07-12,NA,NA,-20.72,NA
1999-07-22,NA,NA,-20.89,NA
1999-08-01,NA,NA,-21.11,367.06
1999-08-11,NA,NA,-21.19,NA
1999-08-21,NA,NA,-20.87,NA
1999-08-31,NA,NA,-20.13,NA
1999-09-10,NA,NA,-19.29,NA
1999-09-20,NA,NA,-18.64,NA
1999-09-30,NA,NA,-18.55,NA
1999-10-10,NA,NA,-18.11,NA
1999-10-20,NA,NA,-18.11,NA
1999-10-30,NA,NA,-18.21,NA
1999-11-08,NA,NA,-18.12,NA
1999-11-18,NA,NA,-17.96,NA
1999-11-28,NA,NA,-17.7,NA
1999-12-08,NA,NA,-17.38,NA
1999-12-18,NA,NA,-17.1,NA
1999-12-28,NA,NA,-16.88,NA
2000-01-07,NA,NA,-16.79,NA
2000-01-17,NA,NA,-16.88,NA
2000-01-27,NA,NA,-17.05,NA
2000-02-06,NA,NA,-17.2,NA
2000-02-16,NA,NA,-17.4,NA
2000-02-26,NA,NA,-17.25,NA
2000-03-06,NA,NA,-16.99,NA
2000-03-16,NA,NA,-16.78,NA
2000-03-26,NA,NA,-16.82,NA
2000-04-05,NA,NA,-17.15,NA
2000-04-15,NA,NA,-17.56,NA
2000-04-25,NA,NA,-17.81,NA
2000-05-05,NA,NA,-17.82,NA
2000-05-15,NA,NA,-17.72,NA
2000-05-25,NA,NA,-17.76,NA
2000-06-04,NA,NA,-17.83,NA
2000-06-14,NA,NA,-18.12,NA
2000-06-24,NA,NA,-18.39,NA
2000-07-03,NA,NA,-18.64,NA
2000-07-13,NA,NA,-18.79,NA
2000-07-23,NA,NA,-18.76,NA
2000-08-02,NA,NA,-18.52,NA
2000-08-12,NA,NA,-18.19,NA
2000-08-22,NA,NA,-17.65,NA
2000-09-01,NA,NA,-17.23,367.15
2000-09-11,NA,NA,-16.44,NA
2000-09-21,NA,NA,-15.71,NA
2000-10-01,NA,NA,-14.56,367.18
2000-10-11,NA,NA,-13.89,NA
2000-10-20,NA,NA,-13.65,NA
2000-10-30,NA,NA,-13.91,NA
2000-11-09,NA,NA,-14.64,NA
2000-11-19,NA,NA,-15.08,NA
2000-11-29,NA,NA,-15.51,NA
2000-12-09,NA,NA,-15.68,NA
2000-12-19,NA,NA,-15.54,NA
2000-12-29,NA,NA,-15.04,NA
2001-01-08,NA,NA,-14.73,NA
2001-01-18,NA,NA,-14.31,NA
2001-01-28,NA,NA,-13.92,NA
2001-02-07,NA,NA,-13.5,NA
2001-02-16,NA,NA,-13.02,NA
2001-02-26,NA,NA,-12.55,NA
2001-03-08,NA,NA,-12.19,NA
2001-03-18,NA,NA,-11.98,NA
2001-03-28,NA,NA,-11.68,NA
2001-04-07,NA,NA,-11.45,NA
2001-04-17,NA,NA,-11.34,NA
2001-04-27,NA,NA,-11.48,NA
2001-05-07,NA,NA,-11.8,NA
2001-05-17,NA,NA,-12.13,NA
2001-05-27,NA,NA,-12.22,NA
2001-06-06,NA,NA,-11.96,NA
2001-06-15,NA,NA,-11.39,NA
2001-06-25,NA,NA,-10.7,NA
2001-07-05,NA,NA,-10.18,NA
2001-07-15,NA,NA,-10.04,NA
2001-07-25,NA,NA,-10.2,NA
2001-08-04,NA,NA,-10.42,NA
2001-08-14,NA,NA,-10.45,NA
2001-08-24,NA,NA,-10.18,NA
2001-09-03,NA,NA,-9.66,NA
2001-09-13,NA,NA,-9.11,NA
2001-09-23,NA,NA,-8.83,NA
2001-10-03,NA,NA,-8.94,NA
2001-10-12,NA,NA,-9.33,NA
2001-10-22,NA,NA,-9.74,NA
2001-11-01,NA,NA,-10.05,369.94
2001-11-11,NA,NA,-10.31,NA
2001-11-21,NA,NA,-10.65,NA
2001-12-01,NA,NA,-10.99,371.42
2001-12-11,NA,NA,-11.16,NA
2001-12-21,NA,NA,-11.09,NA
2001-12-31,NA,NA,-10.82,NA
2002-01-10,NA,NA,-10.4,NA
2002-01-20,NA,NA,-9.93,NA
2002-01-30,NA,NA,-9.5,NA
2002-02-08,NA,NA,-9.25,NA
2002-02-18,NA,NA,-9.25,NA
2002-02-28,NA,NA,-9.41,NA
2002-03-10,NA,NA,-9.58,NA
2002-03-20,NA,NA,-9.58,NA
2002-03-30,NA,NA,-9.41,NA
2002-04-09,NA,NA,-9.19,NA
2002-04-19,NA,NA,-9.03,NA
2002-04-29,NA,NA,-8.96,NA
2002-05-09,NA,NA,-8.95,NA
2002-05-19,NA,NA,-8.95,NA
2002-05-29,NA,NA,-8.92,NA
2002-06-07,NA,NA,-8.75,NA
2002-06-17,NA,NA,-8.35,NA
2002-06-27,NA,NA,-7.7,NA
2002-07-07,NA,NA,-6.93,NA
2002-07-17,NA,NA,-6.15,NA
2002-07-27,NA,NA,-5.48,NA
2002-08-06,NA,NA,-5.05,NA
2002-08-16,NA,NA,-4.96,NA
2002-08-26,NA,NA,-5.14,NA
2002-09-05,NA,NA,-5.38,NA
2002-09-15,NA,NA,-5.48,NA
2002-09-25,NA,NA,-5.28,NA
2002-10-04,NA,NA,-4.8,NA
2002-10-14,NA,NA,-4.19,NA
2002-10-24,NA,NA,-3.7,NA
2002-11-03,NA,NA,-3.55,NA
2002-11-13,NA,NA,-3.76,NA
2002-11-23,NA,NA,-4.22,NA
2002-12-03,NA,NA,-4.75,NA
2002-12-13,NA,NA,-5.18,NA
2002-12-23,NA,NA,-5.35,NA
2003-01-02,NA,NA,-5.15,NA
2003-01-12,NA,NA,-4.55,NA
2003-01-21,NA,NA,-3.76,NA
2003-01-31,NA,NA,-3.17,NA
2003-02-10,NA,NA,-3.02,NA
2003-02-20,NA,NA,-3.21,NA
2003-03-02,NA,NA,-3.46,NA
2003-03-12,NA,NA,-3.49,NA
2003-03-22,NA,NA,-3.34,NA
2003-04-01,NA,NA,-3.18,377.92
2003-04-11,NA,NA,-3.15,NA
2003-04-21,NA,NA,-3.29,NA
2003-05-01,NA,NA,-3.52,378.78
2003-05-11,NA,NA,-3.78,NA
2003-05-20,NA,NA,-4.04,NA
2003-05-30,NA,NA,-4.29,NA
2003-06-09,NA,NA,-4.48,NA
2003-06-19,NA,NA,-4.56,NA
2003-06-29,NA,NA,-4.53,NA
2003-07-09,NA,NA,-4.43,NA
2003-07-19,NA,NA,-4.37,NA
2003-07-29,NA,NA,-4.36,NA
2003-08-08,NA,NA,-4.33,NA
2003-08-18,NA,NA,-4.15,NA
2003-08-28,NA,NA,-3.85,NA
2003-09-07,NA,NA,-3.54,NA
2003-09-16,NA,NA,-3.31,NA
2003-09-26,NA,NA,-3.16,NA
2003-10-06,NA,NA,-3.05,NA
2003-10-16,NA,NA,-3.05,NA
2003-10-26,NA,NA,-3.27,NA
2003-11-05,NA,NA,-3.66,NA
2003-11-15,NA,NA,-3.98,NA
2003-11-25,NA,NA,-3.96,NA
2003-12-05,NA,NA,-3.56,NA
2003-12-15,NA,NA,-2.93,NA
2003-12-25,NA,NA,-2.24,NA
2004-01-04,NA,NA,-1.63,NA
2004-01-13,NA,NA,-1.27,NA
2004-01-23,NA,NA,-1.31,NA
2004-02-02,NA,NA,-1.72,NA
2004-02-12,NA,NA,-2.21,NA
2004-02-22,NA,NA,-2.47,NA
2004-03-03,NA,NA,-2.43,NA
2004-03-13,NA,NA,-2.22,NA
2004-03-23,NA,NA,-2.01,NA
2004-04-02,NA,NA,-1.91,NA
2004-04-12,NA,NA,-2.11,NA
2004-04-22,NA,NA,-2.66,NA
2004-05-02,NA,NA,-3.52,NA
2004-05-11,NA,NA,-4.41,NA
2004-05-21,NA,NA,-4.93,NA
2004-05-31,NA,NA,-4.86,NA
2004-06-10,NA,NA,-4.19,NA
2004-06-20,NA,NA,-3.17,NA
2004-06-30,NA,NA,-2.22,NA
2004-07-10,NA,NA,-1.65,NA
2004-07-20,NA,NA,-1.48,NA
2004-07-30,NA,NA,-1.49,NA
2004-08-09,NA,NA,-1.43,NA
2004-08-19,NA,NA,-1.22,NA
2004-08-29,NA,NA,-0.93,NA
2004-09-07,NA,NA,-0.68,NA
2004-09-17,NA,NA,-0.57,NA
2004-09-27,NA,NA,-0.59,NA
2004-10-07,NA,NA,-0.72,NA
2004-10-17,NA,NA,-0.87,NA
2004-10-27,NA,NA,-0.98,NA
2004-11-06,NA,NA,-0.97,NA
2004-11-16,NA,NA,-0.78,NA
2004-11-26,NA,NA,-0.37,NA
2004-12-06,NA,NA,0.15,NA
2004-12-16,NA,NA,0.55,NA
2004-12-26,NA,NA,0.71,NA
2005-01-04,NA,NA,0.72,NA
2005-01-14,NA,NA,0.84,NA
2005-01-24,NA,NA,1.26,NA
2005-02-03,NA,NA,1.9,NA
2005-02-13,NA,NA,2.55,NA
2005-02-23,NA,NA,3.04,NA
2005-03-05,NA,NA,3.26,NA
2005-03-15,NA,NA,3.21,NA
2005-03-25,NA,NA,3.02,NA
2005-04-04,NA,NA,2.83,NA
2005-04-14,NA,NA,2.75,NA
2005-04-23,NA,NA,2.76,NA
2005-05-03,NA,NA,2.88,NA
2005-05-13,NA,NA,3.1,NA
2005-05-23,NA,NA,3.34,NA
2005-06-02,NA,NA,3.54,NA
2005-06-12,NA,NA,3.63,NA
2005-06-22,NA,NA,3.63,NA
2005-07-02,NA,NA,3.54,NA
2005-07-12,NA,NA,3.36,NA
2005-07-22,NA,NA,3.07,NA
2005-08-01,NA,NA,2.7,378.93
2005-08-11,NA,NA,2.36,NA
2005-08-20,NA,NA,2.18,NA
2005-08-30,NA,NA,2.21,NA
2005-09-09,NA,NA,2.43,NA
2005-09-19,NA,NA,2.63,NA
2005-09-29,NA,NA,2.75,NA
2005-10-09,NA,NA,2.82,NA
2005-10-19,NA,NA,3.02,NA
2005-10-29,NA,NA,3.5,NA
2005-11-08,NA,NA,4.15,NA
2005-11-18,NA,NA,4.74,NA
2005-11-28,NA,NA,5.06,NA
2005-12-08,NA,NA,5.04,NA
2005-12-17,NA,NA,4.7,NA
2005-12-27,NA,NA,4.17,NA
2006-01-06,NA,NA,3.56,NA
2006-01-16,NA,NA,3.04,NA
2006-01-26,NA,NA,2.71,NA
2006-02-05,NA,NA,2.55,NA
2006-02-15,NA,NA,2.49,NA
2006-02-25,NA,NA,2.41,NA
2006-03-07,NA,NA,2.23,NA
2006-03-17,NA,NA,1.97,NA
2006-03-27,NA,NA,1.72,NA
2006-04-06,NA,NA,1.55,NA
2006-04-15,NA,NA,1.58,NA
2006-04-25,NA,NA,1.87,NA
2006-05-05,NA,NA,2.5,NA
2006-05-15,NA,NA,3.36,NA
2006-05-25,NA,NA,4.28,NA
2006-06-04,NA,NA,5.07,NA
2006-06-14,NA,NA,5.71,NA
2006-06-24,NA,NA,6.19,NA
2006-07-04,NA,NA,6.43,NA
2006-07-14,NA,NA,6.31,NA
2006-07-24,NA,NA,5.88,NA
2006-08-03,NA,NA,5.36,NA
2006-08-12,NA,NA,5.06,NA
2006-08-22,NA,NA,5.21,NA
2006-09-01,NA,NA,5.66,379.04
2006-09-11,NA,NA,6.11,NA
2006-09-21,NA,NA,6.3,NA
2006-10-01,NA,NA,6.31,379.33
2006-10-11,NA,NA,6.32,NA
2006-10-21,NA,NA,6.46,NA
2006-10-31,NA,NA,6.59,NA
2006-11-20,NA,NA,6.26,NA
2006-11-30,NA,NA,6.03,NA
2006-12-09,NA,NA,5.89,NA
2006-12-19,NA,NA,5.73,NA
2006-12-29,NA,NA,5.48,NA
2007-01-08,NA,NA,5.28,NA
2007-01-18,NA,NA,4.94,NA
2007-01-28,NA,NA,4.91,NA
2007-02-07,NA,NA,5.13,NA
2007-02-17,NA,NA,5.52,NA
2007-02-27,NA,NA,5.85,NA
2007-03-09,NA,NA,6,NA
2007-03-19,NA,NA,6.02,NA
2007-03-29,NA,NA,6.03,NA
2007-04-07,NA,NA,6.04,NA
2007-04-17,NA,NA,5.93,NA
2007-04-27,NA,NA,5.72,NA
2007-05-07,NA,NA,5.5,NA
2007-05-17,NA,NA,5.46,NA
2007-05-27,NA,NA,5.56,NA
2007-06-06,NA,NA,5.7,NA
2007-06-16,NA,NA,5.71,NA
2007-06-26,NA,NA,5.48,NA
2007-07-06,NA,NA,5.05,NA
2007-07-16,NA,NA,4.52,NA
2007-07-25,NA,NA,4.09,NA
2007-08-04,NA,NA,3.81,NA
2007-08-14,NA,NA,3.63,NA
2007-08-24,NA,NA,3.44,NA
2007-09-03,NA,NA,3.27,NA
2007-09-13,NA,NA,3.22,NA
2007-09-23,NA,NA,3.38,NA
2007-10-03,NA,NA,3.71,NA
2007-10-13,NA,NA,4.19,NA
2007-10-23,NA,NA,4.82,NA
2007-11-02,NA,NA,5.53,NA
2007-11-12,NA,NA,6.17,NA
2007-11-21,NA,NA,6.49,NA
2007-12-01,NA,NA,6.37,384.19
2007-12-11,NA,NA,5.89,NA
2007-12-21,NA,NA,5.37,NA
2007-12-31,NA,NA,5.07,NA
2008-01-10,NA,NA,5.03,NA
2008-01-20,NA,NA,5.03,NA
2008-01-30,NA,NA,4.89,NA
2008-02-09,NA,NA,4.61,NA
2008-02-19,NA,NA,4.37,NA
2008-02-29,NA,NA,4.26,NA
2008-03-10,NA,NA,4.25,NA
2008-03-19,NA,NA,4.22,NA
2008-03-29,NA,NA,4.12,NA
2008-04-08,NA,NA,4.05,NA
2008-04-18,NA,NA,4.24,NA
2008-04-28,NA,NA,4.92,NA
2008-05-08,NA,NA,6.13,NA
2008-05-18,NA,NA,7.64,NA
2008-05-28,NA,NA,9.02,NA
2008-06-07,NA,NA,9.97,NA
2008-06-17,NA,NA,10.39,NA
2008-06-27,NA,NA,10.34,NA
2008-07-07,NA,NA,10,NA
2008-07-16,NA,NA,9.51,NA
2008-07-26,NA,NA,9.01,NA
2008-08-05,NA,NA,8.59,NA
2008-08-15,NA,NA,8.24,NA
2008-08-25,NA,NA,7.93,NA
2008-09-04,NA,NA,7.69,NA
2008-09-14,NA,NA,7.58,NA
2008-09-24,NA,NA,7.68,NA
2008-10-04,NA,NA,7.92,NA
2008-10-14,NA,NA,8.21,NA
2008-10-24,NA,NA,8.45,NA
2008-11-03,NA,NA,8.68,NA
2008-11-12,NA,NA,8.91,NA
2008-11-22,NA,NA,9.11,NA
2008-12-02,NA,NA,9.18,NA
2008-12-12,NA,NA,9.05,NA
2008-12-22,NA,NA,8.85,NA
2009-01-11,NA,NA,8.7,NA
2009-01-21,NA,NA,8.78,NA
2009-01-31,NA,NA,8.9,NA
2009-02-10,NA,NA,9.12,NA
2009-02-20,NA,NA,9.47,NA
2009-03-02,NA,NA,9.87,NA
2009-03-11,NA,NA,10.2,NA
2009-03-21,NA,NA,10.38,NA
2009-03-31,NA,NA,10.44,NA
2009-04-10,NA,NA,10.48,NA
2009-04-20,NA,NA,10.55,NA
2009-04-30,NA,NA,10.64,NA
2009-05-10,NA,NA,10.74,NA
2009-05-20,NA,NA,10.83,NA
2009-05-30,NA,NA,10.94,NA
2009-06-09,NA,NA,11.07,NA
2009-06-19,NA,NA,11.2,NA
2009-06-29,NA,NA,11.37,NA
2009-07-08,NA,NA,11.7,NA
2009-07-18,NA,NA,12.17,NA
2009-07-28,NA,NA,12.64,NA
2009-08-07,NA,NA,13.01,NA
2009-08-17,NA,NA,13.28,NA
2009-08-27,NA,NA,13.61,NA
2009-09-06,NA,NA,14.05,NA
2009-09-16,NA,NA,14.57,NA
2009-09-26,NA,NA,15.11,NA
2009-10-06,NA,NA,15.65,NA
2009-10-16,NA,NA,16.16,NA
2009-10-25,NA,NA,16.6,NA
2009-11-04,NA,NA,16.79,NA
2009-11-14,NA,NA,16.72,NA
2009-11-24,NA,NA,16.44,NA
2009-12-04,NA,NA,16.09,NA
2009-12-14,NA,NA,15.75,NA
2009-12-24,NA,NA,15.41,NA
2010-01-03,NA,NA,15.05,NA
2010-01-13,NA,NA,14.72,NA
2010-01-23,NA,NA,14.64,NA
2010-02-02,NA,NA,14.94,NA
2010-02-12,NA,NA,15.51,NA
2010-02-21,NA,NA,15.98,NA
2010-03-03,NA,NA,15.98,NA
2010-03-13,NA,NA,15.55,NA
2010-03-23,NA,NA,15,NA
2010-04-02,NA,NA,14.67,NA
2010-04-12,NA,NA,14.69,NA
2010-04-22,NA,NA,14.99,NA
2010-05-02,NA,NA,15.52,NA
2010-05-12,NA,NA,16.2,NA
2010-05-22,NA,NA,16.93,NA
2010-06-01,NA,NA,17.51,392.38
2010-06-11,NA,NA,17.78,NA
2010-06-20,NA,NA,17.66,NA
2010-06-30,NA,NA,17.15,NA
2010-07-10,NA,NA,16.36,NA
2010-07-20,NA,NA,15.38,NA
2010-07-30,NA,NA,14.28,NA
2010-08-09,NA,NA,13.15,NA
2010-08-19,NA,NA,12.1,NA
2010-08-29,NA,NA,11.27,NA
2010-09-08,NA,NA,10.72,NA
2010-09-18,NA,NA,10.46,NA
2010-09-28,NA,NA,10.42,NA
2010-10-08,NA,NA,10.5,NA
2010-10-17,NA,NA,10.61,NA
2010-10-27,NA,NA,10.58,NA
2010-11-06,NA,NA,10.38,NA
2010-11-16,NA,NA,10.08,NA
2010-11-26,NA,NA,9.85,NA
2010-12-06,NA,NA,9.78,NA
2010-12-16,NA,NA,9.85,NA
2010-12-26,NA,NA,9.96,NA
2011-01-05,NA,NA,10.02,NA
2011-01-15,NA,NA,10.03,NA
2011-01-25,NA,NA,10.05,NA
2011-02-04,NA,NA,10.08,NA
2011-02-13,NA,NA,10.02,NA
2011-02-23,NA,NA,9.79,NA
2011-03-05,NA,NA,9.41,NA
2011-03-15,NA,NA,9,NA
2011-03-25,NA,NA,8.68,NA
2011-04-04,NA,NA,8.57,NA
2011-04-14,NA,NA,8.69,NA
2011-04-24,NA,NA,9.03,NA
2011-05-04,NA,NA,9.64,NA
2011-05-14,NA,NA,10.54,NA
2011-05-24,NA,NA,11.64,NA
2011-06-03,NA,NA,12.74,NA
2011-06-12,NA,NA,13.64,NA
2011-06-22,NA,NA,14.18,NA
2011-07-02,NA,NA,14.35,NA
2011-07-12,NA,NA,14.36,NA
2011-07-22,NA,NA,14.49,NA
2011-08-01,NA,NA,14.89,NA
2011-08-11,NA,NA,15.4,NA
2011-08-21,NA,NA,15.77,NA
2011-08-31,NA,NA,15.87,NA
2011-09-10,NA,NA,15.75,NA
2011-09-20,NA,NA,15.64,NA
2011-09-30,NA,NA,15.63,NA
2011-10-09,NA,NA,15.64,NA
2011-10-19,NA,NA,15.5,NA
2011-10-29,NA,NA,15.26,NA
2011-11-08,NA,NA,15.14,NA
2011-11-18,NA,NA,15.34,NA
2011-11-28,NA,NA,15.82,NA
2011-12-08,NA,NA,16.43,NA
2011-12-18,NA,NA,17.11,NA
2011-12-28,NA,NA,17.86,NA
2012-01-07,NA,NA,18.69,NA
2012-01-17,NA,NA,19.48,NA
2012-01-26,NA,NA,20.07,NA
2012-02-05,NA,NA,20.37,NA
2012-02-15,NA,NA,20.39,NA
2012-02-25,NA,NA,20.2,NA
2012-03-06,NA,NA,19.99,NA
2012-03-16,NA,NA,19.85,NA
2012-03-26,NA,NA,19.9,NA
2012-04-05,NA,NA,20.11,NA
2012-04-15,NA,NA,20.45,NA
2012-04-25,NA,NA,20.83,NA
2012-05-05,NA,NA,21.25,NA
2012-05-15,NA,NA,21.71,NA
2012-05-24,NA,NA,22.32,NA
2012-06-03,NA,NA,23.05,NA
2012-06-13,NA,NA,23.86,NA
2012-06-23,NA,NA,24.64,NA
2012-07-03,NA,NA,25.34,NA
2012-07-13,NA,NA,25.86,NA
2012-07-23,NA,NA,26.09,NA
2012-08-02,NA,NA,25.98,NA
2012-08-12,NA,NA,25.66,NA
2012-08-22,NA,NA,25.42,NA
2012-09-01,NA,NA,25.48,391.32
2012-09-11,NA,NA,25.85,NA
2012-09-20,NA,NA,26.32,NA
2012-09-30,NA,NA,26.71,NA
2012-10-10,NA,NA,26.94,NA
2012-10-20,NA,NA,27.04,NA
2012-10-30,NA,NA,27.13,NA
2012-11-09,NA,NA,27.33,NA
2012-11-19,NA,NA,27.61,NA
2012-11-29,NA,NA,27.94,NA
2012-12-09,NA,NA,28.22,NA
2012-12-19,NA,NA,28.39,NA
2012-12-29,NA,NA,28.47,NA
2013-01-08,NA,NA,28.52,NA
2013-01-17,NA,NA,28.61,NA
2013-01-27,NA,NA,28.7,NA
2013-02-06,NA,NA,28.74,NA
2013-02-16,NA,NA,28.73,NA
2013-02-26,NA,NA,28.67,NA
2013-03-08,NA,NA,28.57,NA
2013-03-18,NA,NA,28.33,NA
2013-03-28,NA,NA,27.89,NA
2013-04-07,NA,NA,27.31,NA
2013-04-17,NA,NA,26.74,NA
2013-04-27,NA,NA,26.24,NA
2013-05-07,NA,NA,25.81,NA
2013-05-16,NA,NA,25.42,NA
2013-05-26,NA,NA,25.07,NA
2013-06-05,NA,NA,24.85,NA
2013-06-15,NA,NA,24.78,NA
2013-06-25,NA,NA,24.81,NA
2013-07-05,NA,NA,24.88,NA
2013-07-15,NA,NA,24.91,NA
2013-07-25,NA,NA,24.83,NA
2013-08-04,NA,NA,24.58,NA
2013-08-14,NA,NA,24.29,NA
2013-08-24,NA,NA,24.1,NA
2013-09-03,NA,NA,24.12,NA
2013-09-12,NA,NA,24.34,NA
2013-09-22,NA,NA,24.72,NA
2013-10-02,NA,NA,25.21,NA
2013-10-12,NA,NA,25.81,NA
2013-10-22,NA,NA,26.41,NA
2013-11-01,NA,NA,26.86,395.36
2013-11-11,NA,NA,27.07,NA
2013-11-21,NA,NA,27.03,NA
2013-12-01,NA,NA,26.86,397.03
2013-12-11,NA,NA,26.73,NA
2013-12-21,NA,NA,26.81,NA
2013-12-31,NA,NA,27.12,NA
2014-01-09,NA,NA,27.64,NA
2014-01-19,NA,NA,28.28,NA
2014-01-29,NA,NA,28.98,NA
2014-02-08,NA,NA,29.67,NA
2014-02-18,NA,NA,30.22,NA
2014-02-28,NA,NA,30.49,NA
2014-03-10,NA,NA,30.45,NA
2014-03-20,NA,NA,30.11,NA
2014-03-30,NA,NA,29.51,NA
2014-04-09,NA,NA,28.75,NA
2014-04-19,NA,NA,27.97,NA
2014-04-28,NA,NA,27.36,NA
2014-05-08,NA,NA,27.07,NA
2014-05-18,NA,NA,27.15,NA
2014-05-28,NA,NA,27.57,NA
2014-06-07,NA,NA,28.22,NA
2014-06-17,NA,NA,29,NA
2014-06-27,NA,NA,29.78,NA
2014-07-07,NA,NA,30.47,NA
2014-07-17,NA,NA,30.97,NA
2014-07-27,NA,NA,31.3,NA
2014-08-06,NA,NA,31.48,NA
2014-08-16,NA,NA,31.47,NA
2014-08-25,NA,NA,31.27,NA
2014-09-04,NA,NA,30.95,NA
2014-09-14,NA,NA,30.69,NA
2014-09-24,NA,NA,30.65,NA
2014-10-04,NA,NA,30.81,NA
2014-10-14,NA,NA,30.96,NA
2014-10-24,NA,NA,30.93,NA
2014-11-03,NA,NA,30.74,NA
2014-11-13,NA,NA,30.66,NA
2014-11-23,NA,NA,30.98,NA
2014-12-03,NA,NA,31.66,NA
2014-12-13,NA,NA,32.4,NA
2014-12-22,NA,NA,32.93,NA
2015-01-11,NA,NA,33.87,NA
2015-01-21,NA,NA,34.73,NA
2015-01-31,NA,NA,35.77,NA
2015-02-10,NA,NA,36.73,NA
2015-02-20,NA,NA,37.36,NA
2015-03-02,NA,NA,37.64,NA
2015-03-12,NA,NA,37.69,NA
2015-03-22,NA,NA,37.72,NA
2015-04-01,NA,NA,37.8,403.35
2015-04-11,NA,NA,37.85,NA
2015-04-20,NA,NA,37.82,NA
2015-04-30,NA,NA,37.74,NA
2015-05-10,NA,NA,37.82,NA
2015-05-20,NA,NA,38.27,NA
2015-05-30,NA,NA,39.16,NA
2015-06-09,NA,NA,40.32,NA
2015-06-19,NA,NA,41.47,NA
2015-06-29,NA,NA,42.41,NA
2015-07-09,NA,NA,43.04,NA
2015-07-19,NA,NA,43.41,NA
2015-07-29,NA,NA,43.61,NA
2015-08-08,NA,NA,43.81,NA
2015-08-17,NA,NA,44.1,NA
2015-08-27,NA,NA,44.45,NA
2015-09-06,NA,NA,44.76,NA
2015-09-16,NA,NA,44.95,NA
2015-09-26,NA,NA,45.11,NA
2015-10-06,NA,NA,45.3,NA
2015-10-16,NA,NA,45.46,NA
2015-10-26,NA,NA,45.51,NA
2015-11-05,NA,NA,45.36,NA
2015-11-15,NA,NA,45.08,NA
2015-11-25,NA,NA,44.7,NA
2015-12-05,NA,NA,44.23,NA
2015-12-14,NA,NA,43.82,NA
2015-12-24,NA,NA,43.73,NA
2016-01-03,NA,NA,44.09,NA
2016-01-13,NA,NA,44.78,NA
2016-01-23,NA,NA,45.48,NA
2016-02-02,NA,NA,45.97,NA
2016-02-12,NA,NA,46.21,NA
2016-02-22,NA,NA,46.33,NA
2016-03-03,NA,NA,46.37,NA
2016-03-13,NA,NA,46.28,NA
2016-03-23,NA,NA,45.95,NA
2016-04-01,NA,NA,45.33,407.6
2016-04-11,NA,NA,44.46,NA
2016-04-21,NA,NA,43.53,NA
2016-05-01,NA,NA,42.81,407.9
2016-05-11,NA,NA,42.48,NA
2016-05-21,NA,NA,42.65,NA
2016-05-31,NA,NA,43.13,NA
2016-06-10,NA,NA,43.64,NA
2016-06-20,NA,NA,43.87,NA
2016-06-30,NA,NA,43.64,NA
2016-07-10,NA,NA,42.97,NA
2016-07-20,NA,NA,42.06,NA
2016-07-29,NA,NA,41.18,NA
2016-08-08,NA,NA,40.59,NA
2016-08-18,NA,NA,40.42,NA
2016-08-28,NA,NA,40.52,NA
2016-09-07,NA,NA,40.58,NA
2016-09-17,NA,NA,40.46,NA
2016-09-27,NA,NA,40.31,NA
2016-10-07,NA,NA,40.42,NA
2016-10-17,NA,NA,40.98,NA
2016-10-27,NA,NA,41.89,NA
2016-11-06,NA,NA,42.91,NA
2016-11-16,NA,NA,43.69,NA
2016-11-25,NA,NA,44.02,NA
2016-12-05,NA,NA,43.82,NA
2016-12-15,NA,NA,43.29,NA
2016-12-25,NA,NA,42.68,NA
2017-01-04,NA,NA,42.14,NA
2017-01-14,NA,NA,41.71,NA
2017-01-24,NA,NA,41.39,NA
2017-02-03,NA,NA,41.25,NA
2017-02-13,NA,NA,41.34,NA
2017-02-23,NA,NA,41.66,NA
2017-03-05,NA,NA,42.15,NA
2017-03-15,NA,NA,42.68,NA
2017-03-24,NA,NA,43.1,NA
2017-04-03,NA,NA,43.31,NA
2017-04-13,NA,NA,43.29,NA
2017-04-23,NA,NA,43.1,NA
2017-05-03,NA,NA,42.87,NA
2017-05-13,NA,NA,42.76,NA
2017-05-23,NA,NA,42.83,NA
2017-06-02,NA,NA,43.07,NA
2017-06-12,NA,NA,43.34,NA
2017-06-22,NA,NA,43.57,NA
2017-07-02,NA,NA,43.79,NA
2017-07-12,NA,NA,44.1,NA
2017-07-21,NA,NA,44.51,NA
2017-07-31,NA,NA,44.95,NA
2017-08-10,NA,NA,45.29,NA
2017-08-20,NA,NA,45.51,NA
2017-08-30,NA,NA,45.59,NA
2017-09-09,NA,NA,45.51,NA
2017-09-19,NA,NA,45.28,NA
2017-09-29,NA,NA,45.07,NA
2017-10-09,NA,NA,45.11,NA
2017-10-19,NA,NA,45.55,NA
2017-10-29,NA,NA,46.35,NA
2017-11-08,NA,NA,47.27,NA
2017-11-17,NA,NA,48.07,NA
2017-11-27,NA,NA,48.52,NA
2017-12-07,NA,NA,48.56,NA
2017-12-17,NA,NA,48.27,NA
2017-12-27,NA,NA,47.85,NA
2018-01-06,NA,NA,47.53,NA
2018-01-16,NA,NA,47.43,NA
2018-01-26,NA,NA,47.45,NA
2018-02-05,NA,NA,47.46,NA
2018-02-15,NA,NA,47.36,NA
2018-02-25,NA,NA,47.17,NA
2018-03-07,NA,NA,46.9,NA
2018-03-16,NA,NA,46.51,NA
2018-03-26,NA,NA,46.09,NA
2018-04-05,NA,NA,45.79,NA
2018-04-15,NA,NA,45.8,NA
2018-04-25,NA,NA,46.12,NA
2018-05-05,NA,NA,46.65,NA
2018-05-15,NA,NA,47.2,NA
2018-05-25,NA,NA,47.66,NA
2018-06-04,NA,NA,47.96,NA
2018-06-14,NA,NA,48.06,NA
2018-06-24,NA,NA,48.07,NA
2018-07-03,NA,NA,48.11,NA
2018-07-13,NA,NA,48.23,NA
2018-07-23,NA,NA,48.36,NA
2018-08-02,NA,NA,48.49,NA
2018-08-12,NA,NA,48.7,NA
2018-08-22,NA,NA,49.11,NA
2018-09-01,NA,NA,49.74,405.71
2018-09-11,NA,NA,50.47,NA
2018-09-21,NA,NA,51.14,NA
2018-10-01,NA,NA,51.64,406.19
2018-10-11,NA,NA,51.93,NA
2018-10-21,NA,NA,51.97,NA
2018-10-30,NA,NA,51.76,NA
2018-11-09,NA,NA,51.31,NA
2018-11-19,NA,NA,50.79,NA
2018-11-29,NA,NA,50.39,NA
2018-12-09,NA,NA,50.24,NA
2018-12-19,NA,NA,50.41,NA
2018-12-29,NA,NA,50.86,NA
2019-01-08,NA,NA,51.53,NA
2019-01-18,NA,NA,52.26,NA
2019-01-28,NA,NA,52.88,NA
2019-02-07,NA,NA,53.26,NA
2019-02-17,NA,NA,53.44,NA
2019-02-26,NA,NA,53.56,NA
2019-03-08,NA,NA,53.63,NA
2019-03-18,NA,NA,53.64,NA
2019-03-28,NA,NA,53.58,NA
2019-04-07,NA,NA,53.62,NA
2019-04-17,NA,NA,53.87,NA
2019-04-27,NA,NA,54.37,NA
2019-05-07,NA,NA,54.89,NA
2019-05-17,NA,NA,55.3,NA
2019-05-27,NA,NA,55.59,NA
2019-06-06,NA,NA,55.8,NA
2019-06-16,NA,NA,56.01,NA
2019-06-25,NA,NA,56.16,NA
2019-07-05,NA,NA,56.28,NA
2019-07-15,NA,NA,56.44,NA
2019-07-25,NA,NA,56.75,NA
2019-08-04,NA,NA,57.24,NA
2019-08-14,NA,NA,57.82,NA
2019-08-24,NA,NA,58.29,NA
2019-09-03,NA,NA,58.45,NA
2019-09-13,NA,NA,58.25,NA
2019-09-23,NA,NA,57.76,NA
2019-10-03,NA,NA,57.15,NA
2019-10-13,NA,NA,56.65,NA
2019-10-22,NA,NA,56.45,NA
2019-11-01,NA,NA,56.63,410.48
2019-11-11,NA,NA,57.06,NA
2019-11-21,NA,NA,57.45,NA
2019-12-01,NA,NA,57.52,411.98
2019-12-11,NA,NA,57.16,NA
2019-12-21,NA,NA,56.43,NA
2019-12-31,NA,NA,55.5,NA
2020-01-10,NA,NA,54.6,NA
2020-01-20,NA,NA,53.91,NA
2020-01-30,NA,NA,53.6,NA
2020-02-09,NA,NA,53.69,NA
2020-02-18,NA,NA,54.1,NA
2020-02-28,NA,NA,54.62,NA
2020-03-09,NA,NA,55.02,NA
2020-03-19,NA,NA,55.25,NA
2020-03-29,NA,NA,55.4,NA
2020-04-08,NA,NA,55.7,NA
2020-04-18,NA,NA,56.29,NA
2020-04-28,NA,NA,57.04,NA
2020-05-08,NA,NA,57.68,NA
2020-05-18,NA,NA,57.95,NA
2020-05-28,NA,NA,57.8,NA
2020-06-07,NA,NA,57.38,NA
2020-06-16,NA,NA,56.96,NA
2020-06-26,NA,NA,56.71,NA
2020-07-06,NA,NA,56.65,NA
2020-07-16,NA,NA,56.67,NA
2020-07-26,NA,NA,56.66,NA
2020-08-05,NA,NA,56.67,NA
2020-08-15,NA,NA,56.77,NA
2020-08-25,NA,NA,57.02,NA
2020-09-04,NA,NA,57.32,NA
2020-09-14,NA,NA,57.58,NA
2020-09-24,NA,NA,57.73,NA
2020-10-03,NA,NA,57.81,NA
2020-10-13,NA,NA,57.84,NA
2020-10-23,NA,NA,57.84,NA
2020-11-02,NA,NA,57.77,NA
2020-11-12,NA,NA,57.6,NA
2020-11-22,NA,NA,57.39,NA
2020-12-02,NA,NA,57.33,NA
2020-12-12,NA,NA,57.56,NA
2020-12-22,NA,NA,58.09,NA
2021-01-01,NA,NA,58.74,415.52
2021-01-11,NA,NA,59.2,NA
2021-01-21,NA,NA,59.26,NA
2021-01-30,NA,NA,58.83,NA
2021-02-09,NA,NA,58.12,NA
2021-02-19,NA,NA,57.5,NA
2021-03-01,NA,NA,57.33,417.64
2021-03-11,NA,NA,57.7,NA
2021-03-21,NA,NA,58.44,NA
2021-03-31,NA,NA,59.26,NA
2021-04-10,NA,NA,59.87,NA
2021-04-20,NA,NA,60.24,NA
2021-04-30,NA,NA,60.38,NA
2021-05-10,NA,NA,60.49,NA
2021-05-20,NA,NA,60.56,NA
2021-05-29,NA,NA,60.53,NA
2021-06-08,NA,NA,60.36,NA
2021-06-18,NA,NA,59.98,NA
1958-03-01,NA,NA,NA,315.7
1958-04-01,NA,NA,NA,317.45
1958-05-01,NA,NA,NA,317.51
1958-06-01,NA,NA,NA,317.24
1958-07-01,NA,NA,NA,315.86
1958-08-01,NA,NA,NA,314.93
1958-09-01,NA,NA,NA,313.2
1958-10-01,NA,NA,NA,312.43
1958-11-01,NA,NA,NA,313.33
1958-12-01,NA,NA,NA,314.67
1959-02-01,NA,NA,NA,316.48
1959-03-01,NA,NA,NA,316.65
1959-04-01,NA,NA,NA,317.72
1959-05-01,NA,NA,NA,318.29
1959-06-01,NA,NA,NA,318.15
1959-07-01,NA,NA,NA,316.54
1959-08-01,NA,NA,NA,314.8
1959-09-01,NA,NA,NA,313.84
1959-10-01,NA,NA,NA,313.33
1959-11-01,NA,NA,NA,314.81
1959-12-01,NA,NA,NA,315.58
1960-02-01,NA,NA,NA,316.98
1960-03-01,NA,NA,NA,317.58
1960-04-01,NA,NA,NA,319.03
1960-05-01,NA,NA,NA,320.04
1960-06-01,NA,NA,NA,319.59
1960-07-01,NA,NA,NA,318.18
1960-08-01,NA,NA,NA,315.9
1960-09-01,NA,NA,NA,314.17
1960-10-01,NA,NA,NA,313.83
1960-11-01,NA,NA,NA,315
1960-12-01,NA,NA,NA,316.19
1961-02-01,NA,NA,NA,317.7
1961-03-01,NA,NA,NA,318.54
1961-04-01,NA,NA,NA,319.48
1961-05-01,NA,NA,NA,320.58
1961-06-01,NA,NA,NA,319.77
1961-07-01,NA,NA,NA,318.57
1961-08-01,NA,NA,NA,316.79
1961-09-01,NA,NA,NA,314.99
1961-10-01,NA,NA,NA,315.31
1961-11-01,NA,NA,NA,316.1
1961-12-01,NA,NA,NA,317.01
1962-02-01,NA,NA,NA,318.55
1962-03-01,NA,NA,NA,319.68
1962-04-01,NA,NA,NA,320.57
1962-05-01,NA,NA,NA,321.02
1962-06-01,NA,NA,NA,320.62
1962-07-01,NA,NA,NA,319.61
1962-08-01,NA,NA,NA,317.4
1962-09-01,NA,NA,NA,316.25
1962-10-01,NA,NA,NA,315.42
1962-11-01,NA,NA,NA,316.69
1962-12-01,NA,NA,NA,317.7
1963-02-01,NA,NA,NA,319.07
1963-03-01,NA,NA,NA,319.86
1963-04-01,NA,NA,NA,321.38
1963-05-01,NA,NA,NA,322.25
1963-06-01,NA,NA,NA,321.48
1963-07-01,NA,NA,NA,319.74
1963-08-01,NA,NA,NA,317.77
1963-09-01,NA,NA,NA,316.21
1963-10-01,NA,NA,NA,315.99
1963-11-01,NA,NA,NA,317.07
1963-12-01,NA,NA,NA,318.35
1964-02-01,NA,NA,NA,320.01
1964-03-01,NA,NA,NA,320.74
1964-04-01,NA,NA,NA,321.84
1964-05-01,NA,NA,NA,322.26
1964-06-01,NA,NA,NA,321.89
1964-07-01,NA,NA,NA,320.44
1964-08-01,NA,NA,NA,318.69
1964-09-01,NA,NA,NA,316.7
1964-10-01,NA,NA,NA,316.87
1964-11-01,NA,NA,NA,317.68
1964-12-01,NA,NA,NA,318.71
1965-02-01,NA,NA,NA,320.44
1965-03-01,NA,NA,NA,320.89
1965-04-01,NA,NA,NA,322.14
1965-05-01,NA,NA,NA,322.17
1965-06-01,NA,NA,NA,321.87
1965-07-01,NA,NA,NA,321.21
1965-08-01,NA,NA,NA,318.87
1965-09-01,NA,NA,NA,317.81
1965-10-01,NA,NA,NA,317.3
1965-11-01,NA,NA,NA,318.87
1965-12-01,NA,NA,NA,319.42
1966-02-01,NA,NA,NA,321.6
1966-03-01,NA,NA,NA,322.39
1966-04-01,NA,NA,NA,323.7
1966-05-01,NA,NA,NA,324.08
1966-06-01,NA,NA,NA,323.75
1966-07-01,NA,NA,NA,322.38
1966-08-01,NA,NA,NA,320.36
1966-09-01,NA,NA,NA,318.64
1966-10-01,NA,NA,NA,318.1
1966-11-01,NA,NA,NA,319.78
1966-12-01,NA,NA,NA,321.03
1967-02-01,NA,NA,NA,322.5
1967-03-01,NA,NA,NA,323.04
1967-04-01,NA,NA,NA,324.42
1967-05-01,NA,NA,NA,325
1967-06-01,NA,NA,NA,324.09
1967-07-01,NA,NA,NA,322.54
1967-08-01,NA,NA,NA,320.92
1967-09-01,NA,NA,NA,319.25
1967-10-01,NA,NA,NA,319.39
1967-11-01,NA,NA,NA,320.73
1967-12-01,NA,NA,NA,321.96
1968-02-01,NA,NA,NA,323.15
1968-03-01,NA,NA,NA,323.89
1968-04-01,NA,NA,NA,325.02
1968-05-01,NA,NA,NA,325.57
1968-06-01,NA,NA,NA,325.36
1968-07-01,NA,NA,NA,324.14
1968-08-01,NA,NA,NA,322.11
1968-09-01,NA,NA,NA,320.33
1968-10-01,NA,NA,NA,320.25
1968-11-01,NA,NA,NA,321.32
1968-12-01,NA,NA,NA,322.89
1969-02-01,NA,NA,NA,324.42
1969-03-01,NA,NA,NA,325.63
1969-04-01,NA,NA,NA,326.66
1969-05-01,NA,NA,NA,327.38
1969-06-01,NA,NA,NA,326.71
1969-07-01,NA,NA,NA,325.88
1969-08-01,NA,NA,NA,323.66
1969-09-01,NA,NA,NA,322.38
1969-10-01,NA,NA,NA,321.78
1969-11-01,NA,NA,NA,322.86
1969-12-01,NA,NA,NA,324.12
1970-02-01,NA,NA,NA,325.98
1970-03-01,NA,NA,NA,326.93
1970-04-01,NA,NA,NA,328.13
1970-05-01,NA,NA,NA,328.08
1970-06-01,NA,NA,NA,327.67
1970-07-01,NA,NA,NA,326.34
1970-08-01,NA,NA,NA,324.69
1970-09-01,NA,NA,NA,323.1
1970-10-01,NA,NA,NA,323.06
1970-11-01,NA,NA,NA,324.01
1970-12-01,NA,NA,NA,325.13
1971-02-01,NA,NA,NA,326.68
1971-03-01,NA,NA,NA,327.17
1971-04-01,NA,NA,NA,327.79
1971-05-01,NA,NA,NA,328.93
1971-06-01,NA,NA,NA,328.57
1971-07-01,NA,NA,NA,327.36
1971-08-01,NA,NA,NA,325.43
1971-09-01,NA,NA,NA,323.36
1971-10-01,NA,NA,NA,323.56
1971-11-01,NA,NA,NA,324.8
1971-12-01,NA,NA,NA,326.01
1972-02-01,NA,NA,NA,327.63
1972-03-01,NA,NA,NA,327.75
1972-04-01,NA,NA,NA,329.72
1972-05-01,NA,NA,NA,330.07
1972-06-01,NA,NA,NA,329.09
1972-07-01,NA,NA,NA,328.04
1972-08-01,NA,NA,NA,326.32
1972-09-01,NA,NA,NA,324.84
1972-10-01,NA,NA,NA,325.2
1972-11-01,NA,NA,NA,326.5
1972-12-01,NA,NA,NA,327.55
1973-02-01,NA,NA,NA,329.56
1973-03-01,NA,NA,NA,330.3
1973-04-01,NA,NA,NA,331.5
1973-05-01,NA,NA,NA,332.48
1973-06-01,NA,NA,NA,332.07
1973-07-01,NA,NA,NA,330.87
1973-08-01,NA,NA,NA,329.31
1973-09-01,NA,NA,NA,327.51
1973-10-01,NA,NA,NA,327.18
1973-11-01,NA,NA,NA,328.16
1973-12-01,NA,NA,NA,328.64
1974-02-01,NA,NA,NA,330.71
1974-03-01,NA,NA,NA,331.48
1974-04-01,NA,NA,NA,332.65
1974-05-01,NA,NA,NA,333.19
1974-06-01,NA,NA,NA,332.2
1974-07-01,NA,NA,NA,331.07
1974-08-01,NA,NA,NA,329.15
1974-09-01,NA,NA,NA,327.33
1974-10-01,NA,NA,NA,327.28
1974-11-01,NA,NA,NA,328.31
1974-12-01,NA,NA,NA,329.58
1975-02-01,NA,NA,NA,331.46
1975-03-01,NA,NA,NA,331.94
1975-04-01,NA,NA,NA,333.11
1975-05-01,NA,NA,NA,333.95
1975-06-01,NA,NA,NA,333.42
1975-07-01,NA,NA,NA,331.97
1975-08-01,NA,NA,NA,329.95
1975-09-01,NA,NA,NA,328.5
1975-10-01,NA,NA,NA,328.36
1975-11-01,NA,NA,NA,329.38
1975-12-01,NA,NA,NA,330.62
1976-02-01,NA,NA,NA,332.74
1976-03-01,NA,NA,NA,333.36
1976-04-01,NA,NA,NA,334.74
1976-05-01,NA,NA,NA,334.72
1976-06-01,NA,NA,NA,333.98
1976-07-01,NA,NA,NA,333.08
1976-08-01,NA,NA,NA,330.68
1976-09-01,NA,NA,NA,328.96
1976-10-01,NA,NA,NA,328.72
1976-11-01,NA,NA,NA,330.16
1976-12-01,NA,NA,NA,331.62
1977-02-01,NA,NA,NA,333.17
1977-03-01,NA,NA,NA,334.96
1977-04-01,NA,NA,NA,336.14
1977-05-01,NA,NA,NA,336.93
1977-06-01,NA,NA,NA,336.17
1977-07-01,NA,NA,NA,334.88
1977-08-01,NA,NA,NA,332.56
1977-09-01,NA,NA,NA,331.29
1977-10-01,NA,NA,NA,331.28
1977-11-01,NA,NA,NA,332.46
1977-12-01,NA,NA,NA,333.6
1978-02-01,NA,NA,NA,335.26
1978-03-01,NA,NA,NA,336.66
1978-04-01,NA,NA,NA,337.69
1978-05-01,NA,NA,NA,338.02
1978-06-01,NA,NA,NA,338.01
1978-07-01,NA,NA,NA,336.5
1978-08-01,NA,NA,NA,334.42
1978-09-01,NA,NA,NA,332.36
1978-10-01,NA,NA,NA,332.45
1978-11-01,NA,NA,NA,333.76
1978-12-01,NA,NA,NA,334.91
1979-02-01,NA,NA,NA,336.69
1979-03-01,NA,NA,NA,338.27
1979-04-01,NA,NA,NA,338.82
1979-05-01,NA,NA,NA,339.24
1979-06-01,NA,NA,NA,339.26
1979-07-01,NA,NA,NA,337.54
1979-08-01,NA,NA,NA,335.72
1979-09-01,NA,NA,NA,333.98
1979-10-01,NA,NA,NA,334.24
1979-11-01,NA,NA,NA,335.32
1979-12-01,NA,NA,NA,336.81
1980-02-01,NA,NA,NA,338.34
1980-03-01,NA,NA,NA,340.07
1980-04-01,NA,NA,NA,340.93
1980-05-01,NA,NA,NA,341.45
1980-06-01,NA,NA,NA,341.36
1980-07-01,NA,NA,NA,339.45
1980-08-01,NA,NA,NA,337.67
1980-09-01,NA,NA,NA,336.25
1980-10-01,NA,NA,NA,336.14
1980-11-01,NA,NA,NA,337.3
1980-12-01,NA,NA,NA,338.29
1981-02-01,NA,NA,NA,340.55
1981-03-01,NA,NA,NA,341.63
1981-04-01,NA,NA,NA,342.6
1981-05-01,NA,NA,NA,343.04
1981-06-01,NA,NA,NA,342.54
1981-07-01,NA,NA,NA,340.82
1981-08-01,NA,NA,NA,338.48
1981-09-01,NA,NA,NA,336.95
1981-10-01,NA,NA,NA,337.05
1981-11-01,NA,NA,NA,338.58
1981-12-01,NA,NA,NA,339.91
1982-02-01,NA,NA,NA,341.76
1982-03-01,NA,NA,NA,342.78
1982-04-01,NA,NA,NA,343.96
1982-05-01,NA,NA,NA,344.77
1982-06-01,NA,NA,NA,343.88
1982-07-01,NA,NA,NA,342.42
1982-08-01,NA,NA,NA,340.24
1982-09-01,NA,NA,NA,338.38
1982-10-01,NA,NA,NA,338.41
1982-11-01,NA,NA,NA,339.44
1982-12-01,NA,NA,NA,340.78
1983-02-01,NA,NA,NA,342.78
1983-03-01,NA,NA,NA,343.37
1983-04-01,NA,NA,NA,345.4
1983-05-01,NA,NA,NA,346.14
1983-06-01,NA,NA,NA,345.76
1983-07-01,NA,NA,NA,344.32
1983-08-01,NA,NA,NA,342.5
1983-09-01,NA,NA,NA,340.46
1983-10-01,NA,NA,NA,340.53
1983-11-01,NA,NA,NA,341.79
1983-12-01,NA,NA,NA,343.2
1984-02-01,NA,NA,NA,344.92
1984-03-01,NA,NA,NA,345.68
1984-04-01,NA,NA,NA,347.14
1984-05-01,NA,NA,NA,347.78
1984-06-01,NA,NA,NA,347.16
1984-07-01,NA,NA,NA,345.79
1984-08-01,NA,NA,NA,343.74
1984-09-01,NA,NA,NA,341.59
1984-10-01,NA,NA,NA,341.86
1984-11-01,NA,NA,NA,343.31
1984-12-01,NA,NA,NA,345
1985-02-01,NA,NA,NA,346.41
1985-03-01,NA,NA,NA,347.91
1985-04-01,NA,NA,NA,348.66
1985-05-01,NA,NA,NA,349.28
1985-06-01,NA,NA,NA,348.65
1985-07-01,NA,NA,NA,346.9
1985-08-01,NA,NA,NA,345.26
1985-09-01,NA,NA,NA,343.47
1985-10-01,NA,NA,NA,343.35
1985-11-01,NA,NA,NA,344.73
1985-12-01,NA,NA,NA,346.12
1986-02-01,NA,NA,NA,347.48
1986-03-01,NA,NA,NA,348.25
1986-04-01,NA,NA,NA,349.86
1986-05-01,NA,NA,NA,350.52
1986-06-01,NA,NA,NA,349.98
1986-08-01,NA,NA,NA,346.17
1986-09-01,NA,NA,NA,345.48
1986-10-01,NA,NA,NA,344.82
1986-11-01,NA,NA,NA,346.22
1986-12-01,NA,NA,NA,347.48
1987-02-01,NA,NA,NA,348.92
1987-03-01,NA,NA,NA,349.81
1987-04-01,NA,NA,NA,351.4
1987-05-01,NA,NA,NA,352.15
1987-06-01,NA,NA,NA,351.59
1987-07-01,NA,NA,NA,350.21
1987-08-01,NA,NA,NA,348.2
1987-09-01,NA,NA,NA,346.66
1987-10-01,NA,NA,NA,346.72
1987-11-01,NA,NA,NA,348.08
1987-12-01,NA,NA,NA,349.28
1988-02-01,NA,NA,NA,351.7
1988-03-01,NA,NA,NA,352.5
1988-04-01,NA,NA,NA,353.67
1988-05-01,NA,NA,NA,354.35
1988-06-01,NA,NA,NA,353.88
1988-07-01,NA,NA,NA,352.8
1988-08-01,NA,NA,NA,350.49
1988-09-01,NA,NA,NA,348.97
1988-10-01,NA,NA,NA,349.37
1988-11-01,NA,NA,NA,350.42
1988-12-01,NA,NA,NA,351.62
1989-02-01,NA,NA,NA,353.43
1989-03-01,NA,NA,NA,354.08
1989-04-01,NA,NA,NA,355.72
1989-05-01,NA,NA,NA,355.95
1989-06-01,NA,NA,NA,355.44
1989-07-01,NA,NA,NA,354.05
1989-08-01,NA,NA,NA,351.84
1989-09-01,NA,NA,NA,350.09
1989-10-01,NA,NA,NA,350.33
1989-11-01,NA,NA,NA,351.55
1989-12-01,NA,NA,NA,352.91
1990-02-01,NA,NA,NA,355.1
1990-03-01,NA,NA,NA,355.75
1990-04-01,NA,NA,NA,356.38
1990-05-01,NA,NA,NA,357.38
1990-06-01,NA,NA,NA,356.39
1990-07-01,NA,NA,NA,354.89
1990-08-01,NA,NA,NA,353.07
1990-09-01,NA,NA,NA,351.38
1990-10-01,NA,NA,NA,351.69
1990-11-01,NA,NA,NA,353.14
1990-12-01,NA,NA,NA,354.41
1991-02-01,NA,NA,NA,355.82
1991-03-01,NA,NA,NA,357.33
1991-04-01,NA,NA,NA,358.77
1991-05-01,NA,NA,NA,359.23
1991-06-01,NA,NA,NA,358.23
1991-07-01,NA,NA,NA,356.3
1991-08-01,NA,NA,NA,353.97
1991-09-01,NA,NA,NA,352.34
1991-10-01,NA,NA,NA,352.43
1991-11-01,NA,NA,NA,353.89
1991-12-01,NA,NA,NA,355.21
1992-02-01,NA,NA,NA,357.21
1992-03-01,NA,NA,NA,357.97
1992-04-01,NA,NA,NA,359.22
1992-05-01,NA,NA,NA,359.71
1992-06-01,NA,NA,NA,359.43
1992-07-01,NA,NA,NA,357.15
1992-08-01,NA,NA,NA,354.98
1992-09-01,NA,NA,NA,353.01
1992-10-01,NA,NA,NA,353.41
1992-11-01,NA,NA,NA,354.42
1992-12-01,NA,NA,NA,355.68
1993-02-01,NA,NA,NA,357.42
1993-03-01,NA,NA,NA,358.59
1993-04-01,NA,NA,NA,359.39
1993-05-01,NA,NA,NA,360.3
1993-06-01,NA,NA,NA,359.64
1993-07-01,NA,NA,NA,357.46
1993-09-01,NA,NA,NA,354.14
1993-10-01,NA,NA,NA,354.23
1993-11-01,NA,NA,NA,355.53
1993-12-01,NA,NA,NA,357.03
1994-02-01,NA,NA,NA,359.04
1994-03-01,NA,NA,NA,360.11
1994-04-01,NA,NA,NA,361.36
1994-05-01,NA,NA,NA,361.78
1994-06-01,NA,NA,NA,360.94
1994-07-01,NA,NA,NA,359.51
1994-08-01,NA,NA,NA,357.59
1994-09-01,NA,NA,NA,355.86
1994-11-01,NA,NA,NA,357.65
1994-12-01,NA,NA,NA,359.1
1995-02-01,NA,NA,NA,361
1995-03-01,NA,NA,NA,361.98
1995-04-01,NA,NA,NA,363.44
1995-05-01,NA,NA,NA,363.83
1995-06-01,NA,NA,NA,363.33
1995-07-01,NA,NA,NA,361.78
1995-08-01,NA,NA,NA,359.33
1995-09-01,NA,NA,NA,358.32
1995-10-01,NA,NA,NA,358.14
1995-11-01,NA,NA,NA,359.61
1995-12-01,NA,NA,NA,360.82
1996-02-01,NA,NA,NA,363.36
1996-03-01,NA,NA,NA,364.28
1996-04-01,NA,NA,NA,364.69
1996-05-01,NA,NA,NA,365.25
1996-06-01,NA,NA,NA,365.06
1996-07-01,NA,NA,NA,363.69
1996-08-01,NA,NA,NA,361.55
1996-09-01,NA,NA,NA,359.69
1996-10-01,NA,NA,NA,359.72
1996-11-01,NA,NA,NA,361.04
1996-12-01,NA,NA,NA,362.39
1997-02-01,NA,NA,NA,364.21
1997-03-01,NA,NA,NA,364.65
1997-05-01,NA,NA,NA,366.77
1997-06-01,NA,NA,NA,365.73
1997-07-01,NA,NA,NA,364.46
1997-08-01,NA,NA,NA,362.4
1997-09-01,NA,NA,NA,360.44
1997-10-01,NA,NA,NA,360.98
1997-11-01,NA,NA,NA,362.65
1997-12-01,NA,NA,NA,364.51
1998-02-01,NA,NA,NA,366.1
1998-03-01,NA,NA,NA,367.36
1998-04-01,NA,NA,NA,368.79
1998-05-01,NA,NA,NA,369.56
1998-08-01,NA,NA,NA,366.1
1998-09-01,NA,NA,NA,364.16
1998-10-01,NA,NA,NA,364.54
1998-11-01,NA,NA,NA,365.67
1998-12-01,NA,NA,NA,367.3
1999-02-01,NA,NA,NA,369.28
1999-03-01,NA,NA,NA,369.84
1999-04-01,NA,NA,NA,371.15
1999-05-01,NA,NA,NA,371.12
1999-06-01,NA,NA,NA,370.46
1999-07-01,NA,NA,NA,369.61
1999-09-01,NA,NA,NA,364.95
1999-10-01,NA,NA,NA,365.52
1999-11-01,NA,NA,NA,366.88
1999-12-01,NA,NA,NA,368.26
2000-02-01,NA,NA,NA,369.71
2000-03-01,NA,NA,NA,370.75
2000-04-01,NA,NA,NA,371.98
2000-05-01,NA,NA,NA,371.75
2000-06-01,NA,NA,NA,371.87
2000-07-01,NA,NA,NA,370.02
2000-08-01,NA,NA,NA,368.27
2000-11-01,NA,NA,NA,368.53
2000-12-01,NA,NA,NA,369.83
2001-02-01,NA,NA,NA,371.69
2001-03-01,NA,NA,NA,372.63
2001-04-01,NA,NA,NA,373.55
2001-05-01,NA,NA,NA,374.03
2001-06-01,NA,NA,NA,373.4
2001-07-01,NA,NA,NA,371.68
2001-08-01,NA,NA,NA,369.78
2001-09-01,NA,NA,NA,368.34
2001-10-01,NA,NA,NA,368.61
2002-02-01,NA,NA,NA,373.37
2002-03-01,NA,NA,NA,374.3
2002-04-01,NA,NA,NA,375.19
2002-05-01,NA,NA,NA,375.93
2002-06-01,NA,NA,NA,375.69
2002-07-01,NA,NA,NA,374.16
2002-08-01,NA,NA,NA,372.03
2002-09-01,NA,NA,NA,370.93
2002-10-01,NA,NA,NA,370.73
2002-11-01,NA,NA,NA,372.43
2002-12-01,NA,NA,NA,373.98
2003-02-01,NA,NA,NA,375.82
2003-03-01,NA,NA,NA,376.64
2003-06-01,NA,NA,NA,378.46
2003-07-01,NA,NA,NA,376.88
2003-08-01,NA,NA,NA,374.57
2003-09-01,NA,NA,NA,373.34
2003-10-01,NA,NA,NA,373.31
2003-11-01,NA,NA,NA,374.84
2003-12-01,NA,NA,NA,376.17
2004-02-01,NA,NA,NA,378.05
2004-03-01,NA,NA,NA,379.06
2004-04-01,NA,NA,NA,380.54
2004-05-01,NA,NA,NA,380.8
2004-06-01,NA,NA,NA,379.87
2004-07-01,NA,NA,NA,377.65
2004-08-01,NA,NA,NA,376.17
2004-09-01,NA,NA,NA,374.43
2004-10-01,NA,NA,NA,374.63
2004-11-01,NA,NA,NA,376.33
2004-12-01,NA,NA,NA,377.68
2005-02-01,NA,NA,NA,379.91
2005-03-01,NA,NA,NA,380.95
2005-04-01,NA,NA,NA,382.48
2005-05-01,NA,NA,NA,382.64
2005-06-01,NA,NA,NA,382.4
2005-07-01,NA,NA,NA,380.93
2005-09-01,NA,NA,NA,376.89
2005-10-01,NA,NA,NA,377.19
2005-11-01,NA,NA,NA,378.54
2005-12-01,NA,NA,NA,380.31
2006-02-01,NA,NA,NA,382.4
2006-03-01,NA,NA,NA,382.86
2006-04-01,NA,NA,NA,384.8
2006-05-01,NA,NA,NA,385.22
2006-06-01,NA,NA,NA,384.24
2006-07-01,NA,NA,NA,382.65
2006-08-01,NA,NA,NA,380.6
2006-11-01,NA,NA,NA,380.35
2006-12-01,NA,NA,NA,382.02
2007-02-01,NA,NA,NA,384.12
2007-03-01,NA,NA,NA,384.81
2007-04-01,NA,NA,NA,386.73
2007-05-01,NA,NA,NA,386.78
2007-06-01,NA,NA,NA,386.33
2007-07-01,NA,NA,NA,384.73
2007-08-01,NA,NA,NA,382.24
2007-09-01,NA,NA,NA,381.2
2007-10-01,NA,NA,NA,381.37
2007-11-01,NA,NA,NA,382.7
2008-02-01,NA,NA,NA,386.06
2008-03-01,NA,NA,NA,386.28
2008-04-01,NA,NA,NA,387.33
2008-05-01,NA,NA,NA,388.78
2008-06-01,NA,NA,NA,387.99
2008-07-01,NA,NA,NA,386.61
2008-08-01,NA,NA,NA,384.32
2008-09-01,NA,NA,NA,383.41
2008-10-01,NA,NA,NA,383.21
2008-11-01,NA,NA,NA,384.41
2008-12-01,NA,NA,NA,385.79
2009-02-01,NA,NA,NA,387.7
2009-03-01,NA,NA,NA,389.04
2009-04-01,NA,NA,NA,389.76
2009-05-01,NA,NA,NA,390.36
2009-06-01,NA,NA,NA,389.7
2009-07-01,NA,NA,NA,388.25
2009-08-01,NA,NA,NA,386.29
2009-09-01,NA,NA,NA,384.95
2009-10-01,NA,NA,NA,384.64
2009-11-01,NA,NA,NA,386.23
2009-12-01,NA,NA,NA,387.63
2010-02-01,NA,NA,NA,390.41
2010-03-01,NA,NA,NA,391.37
2010-04-01,NA,NA,NA,392.67
2010-05-01,NA,NA,NA,393.21
2010-07-01,NA,NA,NA,390.41
2010-08-01,NA,NA,NA,388.54
2010-09-01,NA,NA,NA,387.03
2010-10-01,NA,NA,NA,387.43
2010-11-01,NA,NA,NA,388.87
2010-12-01,NA,NA,NA,389.99
2011-02-01,NA,NA,NA,392.05
2011-03-01,NA,NA,NA,392.8
2011-04-01,NA,NA,NA,393.44
2011-05-01,NA,NA,NA,394.41
2011-06-01,NA,NA,NA,393.95
2011-07-01,NA,NA,NA,392.72
2011-09-01,NA,NA,NA,389.28
2011-10-01,NA,NA,NA,389.19
2011-11-01,NA,NA,NA,390.48
2011-12-01,NA,NA,NA,392.06
2012-02-01,NA,NA,NA,394.04
2012-03-01,NA,NA,NA,394.59
2012-04-01,NA,NA,NA,396.38
2012-05-01,NA,NA,NA,396.93
2012-06-01,NA,NA,NA,395.91
2012-07-01,NA,NA,NA,394.56
2012-08-01,NA,NA,NA,392.59
2012-10-01,NA,NA,NA,391.27
2012-11-01,NA,NA,NA,393.2
2012-12-01,NA,NA,NA,394.57
2013-02-01,NA,NA,NA,397.03
2013-03-01,NA,NA,NA,397.66
2013-04-01,NA,NA,NA,398.64
2013-05-01,NA,NA,NA,400.02
2013-06-01,NA,NA,NA,398.81
2013-07-01,NA,NA,NA,397.51
2013-08-01,NA,NA,NA,395.39
2013-09-01,NA,NA,NA,393.72
2013-10-01,NA,NA,NA,393.9
2014-02-01,NA,NA,NA,398.27
2014-03-01,NA,NA,NA,399.91
2014-04-01,NA,NA,NA,401.51
2014-05-01,NA,NA,NA,401.96
2014-06-01,NA,NA,NA,401.43
2014-07-01,NA,NA,NA,399.38
2014-08-01,NA,NA,NA,397.32
2014-09-01,NA,NA,NA,395.64
2014-10-01,NA,NA,NA,396.29
2014-11-01,NA,NA,NA,397.55
2014-12-01,NA,NA,NA,399.15
2015-02-01,NA,NA,NA,400.55
2015-03-01,NA,NA,NA,401.74
2015-05-01,NA,NA,NA,404.15
2015-06-01,NA,NA,NA,402.97
2015-07-01,NA,NA,NA,401.46
2015-08-01,NA,NA,NA,399.11
2015-09-01,NA,NA,NA,397.82
2015-10-01,NA,NA,NA,398.49
2015-11-01,NA,NA,NA,400.27
2015-12-01,NA,NA,NA,402.06
2016-02-01,NA,NA,NA,404.25
2016-03-01,NA,NA,NA,405.06
2016-06-01,NA,NA,NA,406.99
2016-07-01,NA,NA,NA,404.59
2016-08-01,NA,NA,NA,402.45
2016-09-01,NA,NA,NA,401.23
2016-10-01,NA,NA,NA,401.79
2016-11-01,NA,NA,NA,403.72
2016-12-01,NA,NA,NA,404.64
2017-02-01,NA,NA,NA,406.66
2017-03-01,NA,NA,NA,407.53
2017-04-01,NA,NA,NA,409.22
2017-05-01,NA,NA,NA,409.89
2017-06-01,NA,NA,NA,409.08
2017-07-01,NA,NA,NA,407.33
2017-08-01,NA,NA,NA,405.32
2017-09-01,NA,NA,NA,403.57
2017-10-01,NA,NA,NA,403.82
2017-11-01,NA,NA,NA,405.31
2017-12-01,NA,NA,NA,407
2018-02-01,NA,NA,NA,408.52
2018-03-01,NA,NA,NA,409.59
2018-04-01,NA,NA,NA,410.45
2018-05-01,NA,NA,NA,411.44
2018-06-01,NA,NA,NA,410.99
2018-07-01,NA,NA,NA,408.9
2018-08-01,NA,NA,NA,407.16
2018-11-01,NA,NA,NA,408.21
2018-12-01,NA,NA,NA,409.27
2019-02-01,NA,NA,NA,411.96
2019-03-01,NA,NA,NA,412.18
2019-04-01,NA,NA,NA,413.54
2019-05-01,NA,NA,NA,414.86
2019-06-01,NA,NA,NA,414.16
2019-07-01,NA,NA,NA,411.97
2019-08-01,NA,NA,NA,410.18
2019-09-01,NA,NA,NA,408.76
2019-10-01,NA,NA,NA,408.75
2020-02-01,NA,NA,NA,414.34
2020-03-01,NA,NA,NA,414.74
2020-04-01,NA,NA,NA,416.45
2020-05-01,NA,NA,NA,417.31
2020-06-01,NA,NA,NA,416.6
2020-07-01,NA,NA,NA,414.62
2020-08-01,NA,NA,NA,412.78
2020-09-01,NA,NA,NA,411.52
2020-10-01,NA,NA,NA,411.51
2020-11-01,NA,NA,NA,413.12
2020-12-01,NA,NA,NA,414.26
2021-02-01,NA,NA,NA,416.75
2021-04-01,NA,NA,NA,419.05
2021-05-01,NA,NA,NA,419.13
2021-06-01,NA,NA,NA,418.94
2021-07-01,NA,NA,NA,416.96
2021-08-01,NA,NA,NA,414.47
